38,20.876,4.3117
42.7,22.902,3.9513
51.2,24.296,4.9374
52.1,25.268,4.4744
47.4,26.451,5.6736
49.7,27.484,4.7102
54.9,29.379,5.2645
71.2,31.085,5.0744
53.3,32.016,5.8725
61.2,32.896,5.0033
66.2,34.756,5.7606
56.3,35.629,5.2165
62.3,35.859,5.2929
64.7,37.389,5.3794
61.2,38.496,5.3748
67.3,39.416,5.1495
76.3,40.981,5.0212
72.5,42.275,5.0033
71,43.923,5.1687
73.8,44.357,4.7097
47.1,22.984,5.6905
47.9,23.724,4.4018
44.8,26.182,4.5997
53.3,27.485,5.1635
55.5,28.488,4.9745
61,30.637,5.5327
62.8,32.098,5.8824
60,34.049,5.851
69,36.341,5.5938
64,36.85,5.6297
69,38.336,6.0054
71.9,40.906,6.4369
70.3,42.958,6.242
68,44.084,6.1637
70.1,45.932,5.8141
71.7,48.287,6.4937
79.4,50.782,6.2375
76.4,52.284,6.3491
75.7,53.441,6.0964
79.8,54.853,5.7499
53.5,23.286,4.5974
45.8,25.361,4.8057
56.5,26.495,4.8508
53.9,28.162,5.4266
61.8,30.016,5.2383
59.3,31.839,5.3598
60.8,34.118,5.8255
62.1,35.388,5.8752
61.6,37.318,6.1624
66.5,39.519,5.7349
66.5,42.043,6.397
73.5,44.356,6.5626
71.2,46.338,6.0998
75.5,48.46,6.5264
79.2,50.154,6.5009
77.4,52.578,6.2693
79.6,55.351,6.0334
81.1,56.912,6.1709
78.4,58.692,5.2476
85.8,61.086,5.2878
43.3,23.434,4.5217
47.3,25.441,4.8636
55.4,27.077,4.7555
54,28.811,5.1818
61.8,31.291,5.8236
63.2,33.574,5.716
58.4,35.281,5.605
65.6,37.21,6.4841
69.9,39.719,6.0241
65.5,42.15,6.1815
67.9,43.763,6.4136
67.2,46.042,6.2601
74.5,48.534,6.6246
69.6,51.284,6.2088
72.7,53.395,5.9939
81.9,56.47,5.8214
78.5,58.643,5.9551
78.6,59.789,5.6795
87.4,62.369,5.4202
86.6,64.216,5.3227
52.9,24.166,4.798
48.3,25.432,4.6402
58.1,27.639,5.4627
59.7,29.467,5.6156
59.5,31.341,5.4511
61.9,33.838,5.6575
61.6,36.402,5.5656
63.2,38.085,5.5625
66.3,41.263,6.193
66.5,43.368,6.6959
68.8,45.836,5.9635
66.6,48.141,6.567
72.6,51.022,6.2602
72.7,53.119,6.2854
75,56.454,6.2536
71,58.206,6.0076
79.4,60.41,5.9536
80.4,63.064,5.4448
84.3,65.304,5.3271
90.5,66.886,4.6965
43.2,24.52,4.5135
45.1,25.784,4.6378
52.9,27.372,5.2389
57.1,30.023,5.1657
62.9,32.38,5.182
62.5,34.646,4.8724
63.6,37.462,5.628
64.4,39.502,5.8189
64.2,41.413,5.9438
65.1,43.928,6.1421
66.3,46.951,6.2219
69.9,49.996,6.1124
70.3,52.316,6.1466
72,54.862,6.2109
70.5,57.104,5.6455
80.5,60.691,5.8338
81.7,63.034,5.2028
79.5,64.697,5.3336
85.4,66.92,4.6861
91.4,69.14,4.6085
42.6,24.398,4.5217
51.4,26.075,4.8624
53.6,27.852,5.3043
54.2,30.378,5.3422
64.2,33.356,5.732
64.7,35.361,5.6825
66.3,38.226,5.8247
67,40.324,5.836
65.5,43.091,6.034
67.8,45.942,6.4393
64.1,47.753,5.6961
68.4,50.395,5.7977
73.9,53.814,6.0176
68.1,56.499,6.0033
78.1,60.275,5.5079
80.9,62.023,5.7689
84.9,64.75,5.0348
87.2,66.728,5.111
92.3,68.518,4.5389
92.6,70.48,4.0681
48,24.481,4.7252
53.3,26.023,4.7593
55.2,27.851,5.2319
60.1,30.368,5.2857
60.9,33.764,5.522
60.8,35.915,5.3194
68.8,38.966,5.7742
65.5,41.394,5.4871
68.4,43.459,5.844
67.6,46.513,5.7059
65.4,48.828,5.989
73.5,52.341,6.1172
72.4,54.763,5.8121
74.8,57.905,6.0485
78.4,60.892,5.665
83.7,63.813,5.3829
85.9,65.942,4.7196
88.6,67.876,4.7194
90.1,70.167,3.8971
92.8,71.489,3.7162
44.9,24.257,4.5278
54.8,25.869,4.8253
60,28.274,5.5137
59.7,31.186,5.1903
61.7,34.067,4.9261
59.2,36.47,5.4948
67.9,39.787,5.6929
67.2,41.683,5.6482
66.5,44.141,5.6957
67.7,46.71,5.9088
68,49.633,5.8756
68.3,53.227,5.8574
72.9,55.683,5.9492
74.9,59.246,5.97
76.2,61.693,5.8481
84.4,64.256,5.155
84.2,66.975,4.9269
89,69.095,4.3086
90.2,71.242,3.9932
96.2,72.506,3.3272
51.4,24.667,4.0959
56.6,26.344,4.6912
55.3,28.973,5.2519
57.9,31.343,5.1772
59.6,34.142,4.925
61.3,37.168,5.6487
64.5,39.38,5.4598
64.4,41.951,5.7938
68.4,45.507,6.0043
67.6,47.3,5.9733
68.5,50.957,6.0207
71.2,53.408,6.039
74.6,57.129,5.9802
75.6,60.106,5.6811
79.8,62.44,5.6004
83,65.247,5.2767
83.1,68.04,4.4706
89.6,70.029,4.0895
94.4,72.081,3.5652
96.2,73.304,3.1061
74.3,40.739,5.8955
70.3,42.665,6.8364
72,44.107,6.2947
75.4,44.943,6.5224
73.3,47.449,6.3535
78.8,48.824,6.7072
78.8,49.953,6.1158
85.5,50.871,6.5578
84.1,51.725,5.9888
77.9,53.59,6.1827
83.3,54.206,6.3411
88.1,55.526,6.0244
85.3,57.122,5.8166
86.3,58.391,5.2942
89.3,58.411,5.4924
87.7,60.415,5.0017
88.5,61.131,4.7541
93.8,62.511,4.9323
90.4,62.967,4.6145
87.2,63.821,4.6929
70.2,41.933,6.5399
74.2,43.567,7.0802
77.9,45.595,7.0475
74.7,47.03,7.1157
74.5,49.827,7.7036
81.2,50.901,7.13
86.1,53.184,6.7194
84.4,54.857,6.9362
83.2,56.637,7.0553
84.2,58.189,7.4394
86,59.519,6.6258
86.9,61.11,6.4234
89.9,63.399,6.0679
90.4,63.993,5.6925
91.1,65.869,5.232
95,66.481,4.7478
96,68.456,4.2391
93.6,69.098,4.49
94.9,70.198,4.093
96.1,71.04,3.6909
74.4,42.119,7.5342
75,43.81,6.8494
74.3,45.935,7.034
77.7,47.884,6.9425
77.6,50.091,7.3319
81.5,52.541,7.3312
84.3,54.254,6.9831
83.3,55.92,6.556
86.1,58.436,6.4277
87.4,60.387,6.7214
87.5,62.193,6.0045
89.7,63.742,5.8881
91.2,65.77,5.1997
91,66.778,4.9766
91.7,68.547,4.458
93.8,69.719,4.0716
95.1,70.988,3.8644
96.5,72.218,3.3503
96.1,73.129,3.5359
99.2,74.074,2.7558
72.6,42.347,7.1391
74.7,44.117,7.2134
75.5,46.5,6.8744
75.7,48.78,6.8901
81.5,51.13,7.2099
82,53.103,7.0228
83.7,55.063,6.7893
84.7,57.457,6.6813
84.1,59.323,6.8607
86.4,61.642,6.2011
87.6,63.557,6.1137
90.3,65.461,5.5276
88.7,67.138,5.1762
92,69.215,4.4223
93.9,70.225,4.0704
93.3,71.792,3.8808
95.9,73.011,3.1942
97.9,74.033,3.075
97.1,74.673,2.7561
98.6,75.59,2.4008
77.7,42.291,7.1484
69.8,44.263,7.3186
76.2,47.318,7.1168
79.2,49.608,6.8336
78.9,51.675,6.684
83.2,54.184,7.076
80.4,56.132,6.9665
81.8,57.975,6.5379
85.2,60.519,6.1203
89.4,62.676,6.3167
83.1,64.591,5.6224
89.4,66.1,5.0988
91.7,68.036,5.2576
92.5,70.071,4.3391
94.3,71.563,3.6466
94.4,73.167,3.2914
97.1,74.376,3.052
97.7,75.21,2.6011
97.9,75.832,2.5737
99.5,76.975,2.149
71.6,42.727,7.6717
75.1,44.84,7.1356
79.6,46.924,6.8509
81.4,50.002,6.7674
80.5,52.046,6.6749
84,54.877,6.5519
84.8,57.338,6.477
82.8,58.671,6.4457
86.2,61.025,6.0969
87.9,62.746,5.8175
87.9,65.238,5.3873
88.5,66.871,5.0112
89.8,68.961,4.462
91,70.935,3.8739
94.3,73.045,3.3975
95.7,74.057,3.2772
96.9,75.317,2.7584
99,76.319,2.4015
99.4,76.818,2.2156
99.3,77.679,1.9824
73.6,42.47,7.0385
76.4,44.759,7.6661
75.7,48.061,7.0104
77,50.583,6.8938
79.9,53.018,6.7628
83.5,55.082,6.8196
82,56.921,6.854
81.8,59.176,6.1967
85.9,61.633,6.104
85.6,63.713,5.7837
90.2,66.033,5.4386
88.6,67.967,4.7115
91.2,69.928,4.1176
95.1,71.915,3.6469
95.3,73.388,3.2554
96.9,75.165,2.7199
97.5,75.786,2.4609
99.2,77.09,2.0538
99.3,77.7,1.9115
100,78.314,1.7428
70.1,42.585,7.1217
75.5,45.172,6.3911
80.3,48.062,6.6961
79.5,50.618,6.3404
81.1,53.582,7.1593
83.6,55.256,6.5662
84.6,57.403,6.2781
83,59.867,6.0061
85.2,62.203,6.1762
87.7,64.816,5.4349
88.1,66.246,5.1386
87.8,68.638,4.7213
91.3,70.699,4.0394
93.6,72.679,3.6197
94.2,74.066,3.1663
95.5,75.398,2.5666
98.8,76.662,2.1863
99.3,77.494,1.9819
99.9,78.274,1.712
99.7,78.718,1.5882
73.5,42.906,7.3666
74.5,45.491,7.0224
73,48.685,6.8076
80.8,50.98,6.8759
77.6,53.63,6.7203
81.7,55.371,6.214
82.9,58.004,5.9867
82.8,60.149,6.1951
85,62.294,5.7313
87.3,65.526,5.3216
87.8,66.935,5.1677
88,69.219,4.3528
92.8,71.823,3.9309
93.9,73.264,3.71
95.3,74.869,2.7763
97.6,76.116,2.4435
99.3,77.118,2.047
99.3,77.817,1.8845
99.4,78.426,1.6039
100,79.041,1.4489
71.7,42.853,6.7449
75,45.255,7.209
77.4,48.786,6.6704
78.3,51.559,6.9902
79.9,53.965,6.4992
80.6,56.235,6.2362
80.7,58.39,6.5301
83.9,60.757,5.8733
83.9,63.074,5.38
88.1,65.492,5.3839
90.1,67.802,4.8568
90.9,69.984,4.1031
93.1,72.049,3.7945
95,73.668,3.3021
96.4,75.233,2.754
97.8,76.679,2.3379
99.3,77.557,1.9243
99.4,78.236,1.7436
99.9,78.8,1.5323
99.5,79.292,1.3464
82.2,56.191,6.0936
88.3,57.201,5.9423
88.2,59.186,5.7409
83.8,59.608,5.4299
87.8,60.712,5.5338
89,61.718,5.3375
91.7,62.989,5.1093
92.4,64.016,5.0527
93.5,65.022,4.7981
94.3,65.95,4.7082
94.3,66.25,4.6471
91.5,67.134,4.1415
96.4,68.183,3.8971
94.7,68.921,3.7636
92,69.326,3.9804
95.7,70.518,4.0757
96.7,70.487,3.9555
96.7,71.857,3.1926
98.9,72.075,3.2397
98.1,72.622,3.221
87.4,57.281,6.681
83.5,58.486,6.4134
87.2,60.015,6.2354
88.9,61.717,5.9769
91.6,62.693,5.6191
92.6,64.241,5.6608
88.5,65.436,5.4052
91.8,66.63,5.1503
94.4,67.876,5.0413
95.1,68.828,4.6762
93.3,69.876,4.615
97.3,71.185,4.0685
96.9,72.184,3.9161
98.5,73.139,3.3769
98.7,74.206,2.9362
99.2,74.756,2.9227
98,75.217,2.7066
99.2,75.737,2.6233
99.4,76.078,2.4446
99.9,76.862,2.1659
88.8,57.602,6.5936
89.8,58.765,6.5164
90.9,60.511,6.5774
90.3,62.72,5.4799
91.9,64.312,6.0142
90.9,65.161,5.5307
93.8,66.527,5.4234
90.9,68.334,5.3247
96.6,69.566,4.621
96.2,70.595,4.4189
95.6,71.705,4.1665
96.5,72.387,3.6021
97.6,73.574,3.6161
98.7,74.655,3.0499
98.2,75.581,2.7036
99.7,76.501,2.3554
99.6,77.105,2.1573
99.8,77.424,1.995
99.8,77.842,2.0028
100,78.393,1.738
87.8,57.613,6.7166
90.8,59.645,6.4972
91.3,61.189,6.6688
91.7,62.482,5.8702
93,64.78,6.1067
92.8,66.003,5.4992
91.8,66.939,5.193
92.2,68.967,4.9986
94.4,69.974,4.4026
95.8,71.354,4.2008
95.5,72.665,3.6928
96.1,73.702,3.4715
97.6,75.038,3.0503
97.3,75.707,2.8194
98,76.84,2.3623
99.9,77.231,1.9636
99.9,78.014,1.8428
99.7,78.296,1.6859
99.9,78.785,1.5965
100,79.282,1.3793
87.4,57.619,6.5801
87.1,59.548,6.4369
92.5,61.827,6.4729
91.1,63.542,5.9252
90.5,65.219,5.9511
92.8,66.419,5.5092
93.2,68.108,5.2152
92.1,69.738,4.885
94,70.494,4.6377
93.4,71.839,4.0263
95.2,73.219,3.6918
95.9,74.438,3.1439
96.3,75.338,2.8989
98.2,76.508,2.5345
98.3,77.385,2.2228
99.5,78.066,1.9354
100,78.645,1.6097
99.5,79.065,1.4747
100,79.496,1.3038
100,79.654,1.1757
86.3,57.342,6.5659
87.9,59.89,6.5554
90.4,62.279,6.2044
90.5,63.957,6.0613
90.9,65.339,6.0013
93.1,66.813,5.4728
95.4,68.483,4.9061
93.6,69.94,4.7823
95,71.107,4.4013
94.3,72.565,3.7435
97.2,73.984,3.0818
96.8,75.152,2.9612
97.7,76.184,2.6684
98.6,77.137,2.4249
99.2,78.053,1.8831
99.6,78.626,1.5317
99.3,79.082,1.4647
99.9,79.389,1.3068
100,79.726,1.2037
100,80.063,1.071
87.9,57.504,6.5272
89.7,59.916,6.3063
91.4,62.226,6.2623
90.9,64.106,5.9114
91.6,65.595,5.6261
90.5,66.753,5.075
92.2,68.853,5.1824
94,70.261,4.4374
94.9,71.49,3.8611
94.7,72.864,3.7218
95.1,74.026,3.315
97.7,75.63,2.753
98.1,76.549,2.5063
99.4,77.653,2.1082
99.8,78.495,1.6193
99.9,79.035,1.4511
100,79.424,1.2378
100,79.833,1.1667
100,80.086,0.98519
100,80.384,0.85472
88,57.633,6.6798
89,59.996,6.3786
90.5,62.076,6.2857
91.7,64.136,6.1649
93,65.99,5.6413
91.6,67.368,5.0926
94.3,69.324,4.7893
94.2,70.806,4.2993
95.2,71.843,4.1328
95.5,73.407,3.6196
95.6,74.579,3.1103
97.9,75.819,2.7663
98.8,77.066,2.184
98.5,77.933,1.978
99.5,78.704,1.6668
100,79.281,1.3461
99.9,79.733,1.209
100,80.027,1.0219
100,80.347,0.80659
100,80.539,0.72559
88.1,57.359,6.6516
89,60.354,6.1923
89.2,62.156,6.0088
90.3,64.285,5.9848
92,66.365,5.5544
93.3,67.771,5.0857
92.8,69.733,4.9874
93.9,70.857,4.2528
95.5,72.518,3.8097
95,73.668,3.4056
96.4,74.685,3.1295
98.8,76.337,2.4883
98.8,77.447,2.0965
99.2,78.255,1.7635
99.7,79.028,1.4558
99.8,79.625,1.2249
100,79.902,1.0828
100,80.196,0.88859
100,80.465,0.71048
100,80.643,0.61931
86.5,57.415,6.7571
89.4,60.321,6.2946
90.9,62.74,6.3894
89.4,64.301,5.6918
91.2,66.076,5.4325
92.3,68.193,5.0424
92.6,69.936,4.4609
93.6,71.178,4.2814
94.1,72.731,3.8166
96.2,73.943,3.3633
95.8,75.218,2.7045
97.9,76.581,2.3899
98.6,77.813,2.0249
99.2,78.607,1.6446
99.8,79.219,1.4314
99.9,79.767,1.1716
100,80.021,1.0181
100,80.388,0.80589
100,80.53,0.69072
100,80.73,0.55776
91.4,64.856,4.7385
93.3,65.819,4.7762
94,66.978,4.1477
92.6,67.556,4.2822
95.8,68.706,4.0897
98.1,69.192,4.029
96.5,70.598,3.5279
96.9,70.668,3.5304
97.2,71.374,3.6274
97.9,72.34,3.3753
98.5,72.59,3.4928
97.6,73.09,3.2031
97.2,73.691,3.1083
99.3,74.257,2.6726
98.9,74.743,2.8119
99.1,75.046,2.5996
99.8,75.544,2.6367
98.9,75.662,2.3426
99.7,76.286,2.3009
100,76.384,2.1196
92.4,65.245,5.0179
94.5,66.796,4.9617
96.6,67.897,4.3893
95.5,68.929,4.1495
95.4,69.672,4.393
96.8,70.632,3.8898
96.3,71.936,3.8722
98.3,72.384,3.4674
98.2,72.926,3.6401
97.9,73.811,3.3177
99.1,74.425,3.1113
99.1,75.296,2.8033
98.8,76.151,2.4888
98.6,76.483,2.3155
99.9,76.926,2.144
99,77.371,2.1245
99.9,77.985,1.788
99.9,78.1,1.8221
100,78.422,1.7464
100,78.829,1.5974
94.6,65.665,4.82
95,66.807,4.7625
96.5,68.324,4.5003
97.7,69.028,4.521
97.4,70.383,4.1582
97.2,71.471,4.1431
97,72.29,3.6455
97.6,73.207,3.6573
97.2,73.999,3.3174
98.1,74.776,3.0133
98.2,75.43,2.7461
99.1,76.184,2.583
99.3,76.907,2.2765
99.2,77.545,1.9895
99.9,78.147,1.8492
99.6,78.598,1.6596
99.6,78.912,1.535
100,79.165,1.5165
100,79.433,1.2631
100,79.681,1.2138
95.5,65.39,4.9637
94.5,66.857,4.7836
96.1,68.338,4.6234
96.3,69.677,4.4529
98.1,70.708,4.0633
96.9,71.853,3.9882
98.1,72.763,3.73
96.6,73.713,3.2608
98.9,74.591,3.0873
98.7,75.226,3.1504
99.5,76.048,2.6642
99.4,76.899,2.396
99.6,77.492,2.0596
99.4,78.22,1.8777
99.8,78.766,1.6514
100,79,1.5317
100,79.431,1.354
100,79.634,1.2586
100,80.028,1.0645
100,80.141,1.0484
94.3,65.542,5.12
95.6,67.212,4.7734
94.9,68.38,4.6058
96.7,70.143,4.3274
96.7,71.113,4.0225
97.2,72.242,3.6534
97.8,73.093,3.6258
98.3,73.862,3.3771
98,74.804,3.1176
98.9,75.682,2.7329
99,76.318,2.5422
99.1,77.098,2.3096
99.2,78.01,1.9809
99.8,78.654,1.5988
99.6,79.2,1.429
100,79.579,1.1915
100,79.809,1.163
100,80.046,0.99894
100,80.337,0.84701
100,80.406,0.81558
96,66.071,5.1699
95.5,67.444,4.6421
95.5,68.696,4.3039
98.5,70.267,4.0499
96.7,71.33,4.115
96.3,72.423,3.7577
98.4,73.488,3.3066
99,74.489,3.0773
98.1,75.05,2.8819
99.1,76.103,2.6112
98.8,76.791,2.4358
99,77.433,2.1949
99.3,78.326,1.9198
99.7,78.829,1.6204
99.9,79.443,1.2809
100,79.833,1.0785
100,80.075,0.95571
100,80.293,0.88947
100,80.507,0.7266
100,80.623,0.62998
94.9,65.927,4.874
96.2,67.294,4.8158
97,68.97,4.4588
96,69.932,4.1749
97.2,71.491,4.241
96.8,72.551,3.791
98.4,73.77,3.453
98.4,74.83,3.1143
98.1,75.425,3.0326
98,76.08,2.6298
98.7,76.968,2.3253
98.6,77.771,2.0348
99.6,78.616,1.7339
99.8,79.17,1.4188
99.9,79.732,1.1136
100,79.999,1.0672
100,80.251,0.86833
100,80.411,0.75238
100,80.59,0.69563
100,80.762,0.52854
93.3,65.694,5.0993
96.2,67.821,4.9268
97.2,69.092,4.4986
96.4,70.704,4.3516
97.4,71.503,3.9378
97.2,72.596,3.6754
97.2,73.689,3.5197
97.8,74.717,3.2136
98.9,75.707,2.761
98.3,76.442,2.6047
98.7,77.219,2.3262
99.5,78.07,1.9003
99.7,78.817,1.6283
100,79.382,1.3282
100,79.866,1.0526
100,80.156,0.92286
100,80.427,0.77632
100,80.576,0.69154
100,80.696,0.54917
100,80.851,0.40841
93.6,65.678,4.983
95.6,67.771,4.7162
96.4,69.238,4.493
97.8,70.606,4.381
98,71.547,4.089
96.4,73.163,3.6459
98.4,74.205,3.4694
99,75.029,3.0044
98.5,76.035,2.5876
99.6,76.667,2.4803
98.9,77.528,2.1174
98.8,78.239,1.8171
99.6,79.1,1.5232
100,79.601,1.2328
99.9,79.987,1.0765
100,80.377,0.82394
100,80.489,0.76281
100,80.674,0.56011
100,80.799,0.46968
100,80.874,0.38487
94.6,66.049,4.8399
94.9,68.264,4.6556
95.2,69.41,4.4672
96.8,70.754,4.1902
97.1,71.995,3.6996
97.4,73.348,3.509
97.9,74.155,3.23
97.8,75.063,3.0125
97.7,75.972,2.8336
99,76.775,2.4221
99.5,77.723,1.9835
99.2,78.531,1.7841
99.7,79.268,1.4022
99.4,79.674,1.1635
100,80.121,0.95831
100,80.392,0.80271
100,80.607,0.66072
100,80.73,0.53954
100,80.825,0.41277
100,80.907,0.31361
97.3,71.927,3.2539
96.7,72.172,3.3655
97.6,72.991,3.1983
96.3,73.286,3.0233
99.4,73.828,3.0614
96.9,74.365,2.6788
99.3,74.84,2.5935
99.3,75.165,2.5412
98.4,75.542,2.5235
99.2,76.064,2.417
98.3,76.17,2.4688
99.6,76.722,2.2398
99.5,77.022,2.0832
99.5,77.425,2.1233
99.9,77.58,1.9808
99.3,77.795,1.8377
99.7,78.182,1.8463
100,78.284,1.596
100,78.585,1.7683
99.7,78.608,1.5755
97.9,71.887,3.518
98.9,72.588,3.1193
97.1,73.129,3.2191
99.6,74.213,2.7981
99.4,74.569,2.9474
99.2,75.112,2.8992
99,75.611,2.6536
98.2,76.306,2.3312
99.8,76.668,2.3013
97.9,77.025,2.2866
99.8,77.744,1.8827
99.7,78.056,1.9055
99.7,78.355,1.7947
100,78.63,1.6294
100,78.969,1.5697
100,79.357,1.433
100,79.522,1.2229
99.7,79.693,1.2348
100,79.892,1.1646
100,80.054,0.98035
98.6,72.171,3.3042
98.1,72.688,3.3803
98.7,73.783,3.0909
98.6,74.209,2.8627
99.2,74.776,3.0767
98.7,75.601,2.7232
98.6,75.976,2.5833
99.9,76.609,2.3186
99.3,77.094,2.2012
99.3,77.374,2.1457
99.3,78.004,2.0416
99.8,78.698,1.719
99.7,78.817,1.616
100,79.4,1.3704
100,79.555,1.2903
100,79.896,1.1337
100,80.059,1.0245
100,80.223,0.92047
100,80.378,0.77144
100,80.538,0.67272
98.3,71.918,3.5164
98,72.999,3.2535
98.4,73.803,3.155
98.7,74.497,2.7742
98.6,75.304,2.6649
99.5,75.775,2.4303
99.2,76.399,2.4195
99.9,77.012,2.2724
99.2,77.681,2.0058
99.6,77.954,1.9672
99.7,78.513,1.7041
99.8,78.946,1.6319
100,79.445,1.3524
99.7,79.576,1.3009
99.7,79.995,1.0644
100,80.226,0.88709
100,80.302,0.89039
100,80.496,0.71133
100,80.597,0.67867
100,80.723,0.54062
98.1,71.873,3.5946
98.5,72.719,3.2873
99.2,73.721,3.0442
99,74.554,2.8912
98.6,75.406,2.854
99.4,76.051,2.5192
99.7,76.609,2.4319
99.2,77.1,2.1913
99.3,77.616,2.0309
99.7,78.278,1.843
99.8,78.69,1.6709
99.8,79.087,1.483
99.8,79.492,1.3319
100,79.9,1.0649
100,80.177,0.9464
100,80.382,0.78363
100,80.505,0.7668
100,80.65,0.60787
100,80.788,0.46374
100,80.828,0.44768
97.9,72.047,3.4241
98,73.124,3.4311
99,74.057,2.8614
99.5,74.702,2.9071
99.3,75.535,2.7193
99,76.279,2.5034
99.6,76.721,2.3313
99.6,77.44,2.1768
99.7,77.947,1.8874
99.8,78.405,1.793
99.6,78.815,1.6324
99.8,79.266,1.4111
100,79.743,1.2566
100,80.098,1.0239
100,80.341,0.80915
100,80.528,0.68207
100,80.638,0.61722
100,80.744,0.50444
100,80.843,0.40293
100,80.878,0.34802
98.9,72.011,3.4352
99,72.945,3.2404
99.4,73.773,3.1817
99,74.812,2.9056
99.3,75.534,2.8148
99,76.433,2.4465
99.4,77.093,2.2517
99.6,77.436,2.0847
99.6,78.064,1.9631
99.6,78.478,1.7319
99.9,79.032,1.5076
99.8,79.536,1.3041
99.8,79.956,1.1046
100,80.21,0.9219
100,80.485,0.76143
100,80.689,0.59689
100,80.736,0.51411
100,80.812,0.42738
100,80.881,0.34762
100,80.928,0.27716
98.1,71.92,3.6633
98.1,73.489,3.2121
98.9,74.088,3.1331
98.8,74.798,2.9922
99.3,75.711,2.7385
99.4,76.308,2.4276
99.1,76.963,2.4028
99.4,77.55,2.124
99.6,78.139,1.8962
99.4,78.727,1.5807
100,79.284,1.3948
99.9,79.633,1.265
99.9,80.008,1.0079
100,80.318,0.85257
100,80.567,0.7124
100,80.72,0.54185
100,80.815,0.42518
100,80.903,0.29932
100,80.912,0.29708
100,80.955,0.2073
98.3,72.137,3.5032
97.8,73.165,3.2419
98.3,74.147,3.1811
98.6,75.126,2.739
99.3,75.859,2.6614
99.5,76.546,2.3643
99.7,77.139,2.2248
99.5,77.767,1.9967
99.7,78.285,1.8302
99.6,78.788,1.614
99.8,79.366,1.4346
100,79.69,1.2025
100,80.163,0.95939
100,80.443,0.75548
100,80.699,0.56071
100,80.791,0.45312
100,80.856,0.3785
100,80.889,0.3445
100,80.957,0.20286
100,80.967,0.18415
98.1,72.11,3.5367
98.5,73.454,3.1629
99.2,74.301,3.012
98.4,75.306,2.8104
99.2,75.839,2.7421
98.9,76.628,2.4033
98.7,77.262,2.1765
99.4,77.949,1.9546
100,78.442,1.7609
99.4,78.768,1.6924
99.9,79.403,1.3186
100,79.865,1.1449
100,80.233,0.88245
99.9,80.48,0.73865
100,80.703,0.51068
100,80.844,0.39454
100,80.887,0.34385
100,80.947,0.22845
100,80.965,0.19436
100,80.981,0.14366
99,75.651,2.2933
98.9,75.842,2.3806
99.8,76.154,2.1537
99.5,76.603,2.1766
99.7,76.884,2.0651
100,77.226,2.0117
100,77.617,1.9247
99.9,77.681,1.8776
99.8,78.036,1.7694
99.3,78.212,1.757
99.9,78.496,1.6413
99.8,78.718,1.5539
99.8,78.804,1.4358
99.9,78.954,1.531
99.7,79.211,1.4116
100,79.245,1.3457
100,79.502,1.3251
100,79.594,1.1667
100,79.654,1.149
100,79.879,1.1137
99.1,75.756,2.4381
99.6,75.897,2.3955
99.7,76.604,2.1492
99.4,76.937,2.1696
99.6,77.221,2.1877
99.6,77.714,1.922
99.8,78.159,1.8093
99.9,78.36,1.7264
99.8,78.653,1.587
99.8,78.847,1.4689
99.8,79.113,1.3749
100,79.467,1.3027
99.9,79.812,1.1665
100,79.815,1.1103
100,80.036,0.97709
100,80.163,0.92327
100,80.221,0.91332
100,80.377,0.83479
100,80.372,0.82317
100,80.618,0.65428
99.8,75.709,2.3563
99.2,76.29,2.1881
99.2,76.551,2.0798
99.9,77.155,2.0854
99.3,77.466,1.9465
100,77.943,1.8973
99.8,78.207,1.7269
99.5,78.59,1.5652
99.9,78.82,1.5145
100,79.131,1.4056
99.9,79.434,1.3934
99.9,79.656,1.2473
100,79.935,1.026
100,80.117,1.0066
100,80.305,0.85672
100,80.45,0.73722
100,80.526,0.69378
100,80.674,0.58628
100,80.729,0.54181
100,80.796,0.43172
99.6,75.784,2.4571
100,76.325,2.1715
99.9,76.893,2.1334
99.9,77.147,2.0604
99.7,77.699,1.9304
99.7,77.996,1.8735
99.7,78.318,1.6831
99.8,78.657,1.5031
100,78.994,1.4642
100,79.306,1.4479
99.9,79.592,1.1513
100,79.874,1.0771
100,80.122,0.93868
100,80.36,0.80523
100,80.506,0.70708
100,80.582,0.64906
100,80.684,0.58493
100,80.756,0.48833
100,80.826,0.43096
100,80.878,0.34513
99.1,75.637,2.4115
99.8,76.253,2.3193
99.9,77.053,2.1373
99.9,77.401,2.0318
99.7,77.737,1.9692
100,78.237,1.7857
99.9,78.53,1.6264
100,78.911,1.5215
99.8,79.154,1.4451
99.8,79.41,1.3319
99.9,79.79,1.1636
100,79.965,1.0197
100,80.29,0.88199
100,80.469,0.75567
100,80.61,0.64023
100,80.739,0.52238
100,80.843,0.38775
100,80.862,0.38595
100,80.889,0.33864
100,80.945,0.23233
99.7,75.658,2.3624
99.4,76.418,2.153
99.5,76.893,2.1409
100,77.453,2.0019
99.7,77.935,1.8495
99.9,78.344,1.6922
99.8,78.6,1.7029
99.9,79.003,1.5116
100,79.181,1.4065
100,79.615,1.1869
100,79.906,1.0941
100,80.092,0.97956
100,80.329,0.85951
100,80.587,0.65759
100,80.71,0.54945
100,80.809,0.44555
100,80.884,0.35006
100,80.92,0.28566
100,80.944,0.23423
100,80.96,0.201
99.5,75.765,2.3069
99.7,76.519,2.2467
99.8,76.966,2.2331
99.7,77.446,1.9619
99.9,78.072,1.7694
99.9,78.384,1.7177
99.8,78.76,1.6032
99.8,79.118,1.4114
99.8,79.353,1.347
100,79.648,1.2117
100,79.953,1.053
100,80.206,0.95894
100,80.401,0.75113
100,80.635,0.63228
100,80.74,0.51029
100,80.808,0.44848
100,80.862,0.38853
100,80.919,0.29401
100,80.952,0.21839
100,80.984,0.12548
99.9,75.84,2.3508
99.8,76.501,2.2235
99.6,77.061,2.1117
99.6,77.505,1.8778
99.9,77.927,1.8016
99.8,78.416,1.6837
99.8,78.909,1.4915
99.9,79.152,1.4693
100,79.47,1.3203
100,79.752,1.1621
100,80.009,1.0349
100,80.307,0.81655
100,80.485,0.75218
100,80.687,0.5666
100,80.827,0.44617
100,80.882,0.34939
100,80.906,0.30849
100,80.955,0.21207
100,80.979,0.14338
100,80.987,0.11327
99.2,75.838,2.475
99.8,76.412,2.2817
99.8,77.09,2.061
99.9,77.666,1.9856
99.5,78.057,1.827
99.3,78.453,1.7555
99.9,78.785,1.5725
99.9,79.245,1.4174
99.8,79.42,1.3151
100,79.769,1.1677
100,80.07,0.97729
100,80.347,0.84888
99.9,80.591,0.66912
100,80.756,0.51036
100,80.861,0.39709
100,80.899,0.30789
100,80.942,0.23798
100,80.974,0.15914
100,80.984,0.12548
100,80.992,0.089084
99.6,75.794,2.3722
99.4,76.632,2.2254
99.9,76.94,2.1795
99.8,77.744,1.8906
99.6,78.093,1.7766
99.6,78.576,1.659
99.7,78.82,1.5974
100,79.23,1.4146
99.9,79.51,1.3015
99.8,79.776,1.1462
100,80.139,0.96627
100,80.372,0.84001
100,80.632,0.60875
100,80.79,0.46893
100,80.886,0.33912
100,80.935,0.25841
100,80.954,0.21882
100,80.969,0.17332
100,80.987,0.11327
100,80.997,0.05469
99.3,78.741,1.3747
99.1,78.722,1.4996
99.8,78.839,1.3939
99.5,79.155,1.3472
100,79.256,1.3147
100,79.466,1.1734
100,79.708,1.0903
100,79.644,1.1399
100,79.801,1.0915
99.7,79.907,0.95097
100,79.935,1.0415
100,80.098,0.95205
100,80.129,0.91343
100,80.183,0.9314
100,80.255,0.90883
100,80.357,0.79847
100,80.387,0.78691
100,80.472,0.6937
100,80.521,0.73862
100,80.594,0.61087
100,78.74,1.4115
99.7,78.839,1.4294
100,79.089,1.2958
100,79.401,1.2681
100,79.481,1.2123
100,79.649,1.184
99.8,79.778,1.0801
100,79.868,1.0557
100,80.052,0.96296
100,80.141,0.94716
100,80.32,0.83162
100,80.396,0.79949
100,80.461,0.73653
100,80.596,0.62513
100,80.678,0.58165
100,80.691,0.55093
100,80.754,0.50545
100,80.758,0.4769
100,80.774,0.49084
100,80.876,0.38292
99.8,78.615,1.4293
99.9,78.845,1.4124
100,79.113,1.3161
100,79.308,1.2709
100,79.496,1.2393
100,79.738,1.1061
99.9,79.905,0.99999
100,79.99,1.0089
100,80.123,0.97256
100,80.301,0.84048
100,80.36,0.79398
100,80.488,0.7469
100,80.603,0.64915
100,80.717,0.55938
100,80.743,0.5069
100,80.793,0.44738
100,80.879,0.35827
100,80.918,0.28156
100,80.926,0.28727
100,80.939,0.24755
99.8,78.759,1.545
100,78.975,1.4527
100,79.243,1.2767
100,79.453,1.1999
100,79.69,1.1278
100,79.816,1.079
100,79.905,1.0639
100,80.092,0.90859
100,80.197,0.90564
100,80.35,0.82795
100,80.453,0.73878
100,80.608,0.61509
100,80.716,0.55977
100,80.769,0.46221
100,80.813,0.43821
100,80.894,0.32979
100,80.916,0.28097
100,80.964,0.19673
100,80.964,0.19158
100,80.972,0.16497
99.9,78.738,1.4413
100,79.034,1.2786
100,79.212,1.3517
100,79.326,1.264
100,79.556,1.2218
100,79.9,1.0178
99.9,79.95,0.9775
100,80.055,0.97364
100,80.247,0.8438
100,80.379,0.79835
100,80.547,0.68395
100,80.633,0.60358
100,80.76,0.49031
100,80.812,0.42738
100,80.857,0.38542
100,80.912,0.31977
100,80.936,0.24475
100,80.967,0.17864
100,80.977,0.1499
100,80.976,0.15945
99.9,78.769,1.4757
100,79.134,1.3799
99.9,79.287,1.238
100,79.555,1.187
100,79.601,1.1592
100,79.777,1.0841
100,79.972,1.0016
100,80.135,0.93422
100,80.288,0.86201
100,80.419,0.78958
100,80.566,0.65852
100,80.677,0.58023
100,80.781,0.45721
100,80.873,0.36176
100,80.925,0.27455
100,80.934,0.26008
100,80.961,0.20366
100,80.975,0.15612
100,80.987,0.11327
100,80.99,0.099499
100,78.783,1.3914
100,78.974,1.3962
99.9,79.25,1.3013
100,79.464,1.2356
100,79.631,1.1928
100,79.866,1.0872
100,80.035,0.97968
100,80.271,0.87725
100,80.409,0.80357
100,80.509,0.69994
100,80.62,0.6063
100,80.741,0.53284
100,80.801,0.4576
100,80.898,0.31559
100,80.946,0.2347
100,80.97,0.17059
100,80.967,0.17864
100,80.988,0.10889
100,80.995,0.070534
100,80.994,0.077227
99.9,78.786,1.4213
100,79.108,1.3705
99.8,79.311,1.3417
100,79.575,1.1968
100,79.791,1.0618
100,79.939,1.0036
100,80.137,0.99007
100,80.207,0.92852
100,80.356,0.80079
100,80.503,0.70142
100,80.587,0.66815
100,80.771,0.47388
100,80.824,0.41355
100,80.927,0.26771
100,80.946,0.23892
100,80.984,0.13321
100,80.97,0.17059
100,80.986,0.11749
100,80.993,0.083373
100,80.997,0.05469
99.8,78.758,1.4434
100,78.971,1.3447
99.9,79.36,1.2839
100,79.57,1.1946
100,79.803,1.0518
100,79.917,1.0316
100,80.121,0.95308
99.9,80.288,0.82889
100,80.429,0.75958
100,80.575,0.68875
100,80.682,0.55756
100,80.765,0.50574
100,80.86,0.38523
100,80.939,0.24347
100,80.962,0.1912
100,80.973,0.16208
100,80.99,0.099499
100,80.997,0.05469
100,80.999,0.031607
100,80.998,0.044677
100,78.793,1.3871
100,79.136,1.3941
99.8,79.294,1.2836
100,79.584,1.1726
100,79.744,1.1084
99.9,79.972,1.0331
100,80.128,0.93253
99.9,80.254,0.83035
100,80.448,0.71505
100,80.58,0.68819
100,80.67,0.56666
100,80.758,0.49944
100,80.872,0.37097
100,80.948,0.22649
100,80.968,0.176
100,80.981,0.13652
100,80.99,0.099499
100,80.999,0.031607
100,80.995,0.070534
100,81,0
